<?xml version="1.0" encoding="UTF-8"?>
<project-private xmlns="http://www.netbeans.org/ns/project-private/1">
    <editor-bookmarks xmlns="http://www.netbeans.org/ns/editor-bookmarks/2" lastBookmarkId="0"/>
    <open-files xmlns="http://www.netbeans.org/ns/projectui-open-files/2">
        <group>
            <file>file:/H:/Estudo/Projetos/NetBeans/Avaliacao2/src/br/com/avaliacao2/view/FornecedorVIEW.java</file>
            <file>file:/H:/Estudo/Projetos/NetBeans/Avaliacao2/src/br/com/avaliacao2/view/PrincipalVIEW.java</file>
            <file>file:/H:/Estudo/Projetos/NetBeans/Avaliacao2/src/br/com/avaliacao2/view/LivroVIEW.java</file>
            <file>file:/H:/Estudo/Projetos/NetBeans/Avaliacao2/src/br/com/avaliacao2/view/ClienteVIEW.java</file>
            <file>file:/H:/Estudo/Projetos/NetBeans/Avaliacao2/src/br/com/avaliacao2/view/VendaVIEW.java</file>
        </group>
    </open-files>
</project-private>
