<?xml version="1.0" encoding="UTF-8"?>
<project-private xmlns="http://www.netbeans.org/ns/project-private/1">
    <editor-bookmarks xmlns="http://www.netbeans.org/ns/editor-bookmarks/2" lastBookmarkId="0"/>
    <open-files xmlns="http://www.netbeans.org/ns/projectui-open-files/2">
        <group>
            <file>file:/home/ravi/NetBeansProjects/Projeto_4/src/br/com/projeto_4/view/LoginVIEW.java</file>
            <file>file:/home/ravi/NetBeansProjects/Projeto_4/src/br/com/projeto_4/dao/ConexaoDAO.java</file>
            <file>file:/home/ravi/NetBeansProjects/Projeto_4/src/br/com/projeto_4/view/ClienteVIEW.java</file>
            <file>file:/home/ravi/NetBeansProjects/Projeto_4/src/br/com/projeto_4/view/FuncionarioVIEW.java</file>
            <file>file:/home/ravi/NetBeansProjects/Projeto_4/src/br/com/projeto_4/view/PrincipalVIEW.java</file>
        </group>
    </open-files>
</project-private>
